{"cameraMode":{"drawMode":0,"name":"Shaded","section":"Shading Mode"},"sceneLighting":false,"audioPlay":false,"sceneViewState":{"showFog":true,"showMaterialUpdate":false,"showSkybox":true,"showFlares":true,"showImageEffects":true,"showParticleSystems":true},"in2DMode":false,"pivot":{"x":254.07830810546876,"y":0.01912522315979004,"z":415.0125427246094},"rotation":{"x":-0.1042342558503151,"y":0.6641674041748047,"z":-0.09426415711641312,"w":-0.7342900633811951},"size":40.229801177978519,"orthographic":false}