{"cameraMode":{"drawMode":0,"name":"Shaded","section":"Shading Mode"},"sceneLighting":false,"audioPlay":false,"sceneViewState":{"showFog":true,"showMaterialUpdate":false,"showSkybox":true,"showFlares":true,"showImageEffects":true,"showParticleSystems":true},"in2DMode":false,"pivot":{"x":260.0001220703125,"y":1.9323081970214844,"z":409.9700012207031},"rotation":{"x":-0.1483965814113617,"y":0.7207016944885254,"z":-0.16266697645187379,"w":-0.6573976874351502},"size":5.041893005371094,"orthographic":false}