{"cameraMode":{"drawMode":0,"name":"Shaded","section":"Shading Mode"},"sceneLighting":false,"audioPlay":false,"sceneViewState":{"showFog":true,"showMaterialUpdate":false,"showSkybox":true,"showFlares":true,"showImageEffects":true,"showParticleSystems":true},"in2DMode":false,"pivot":{"x":247.09271240234376,"y":6.392547607421875,"z":420.4708251953125},"rotation":{"x":-0.015386962331831456,"y":0.68061763048172,"z":-0.014289901591837407,"w":-0.7323593497276306},"size":31.41979217529297,"orthographic":false}