{"cameraMode":{"drawMode":0,"name":"Shaded","section":"Shading Mode"},"sceneLighting":false,"audioPlay":false,"sceneViewState":{"showFog":true,"showMaterialUpdate":false,"showSkybox":false,"showFlares":true,"showImageEffects":true,"showParticleSystems":true},"in2DMode":false,"pivot":{"x":-324.98388671875,"y":68.43738555908203,"z":9.163915634155274},"rotation":{"x":-0.0840257927775383,"y":0.6985629200935364,"z":-0.08316604048013687,"w":-0.7057262659072876},"size":4.666904449462891,"orthographic":false}