{"cameraMode":{"drawMode":0,"name":"Shaded","section":"Shading Mode"},"sceneLighting":false,"audioPlay":false,"sceneViewState":{"showFog":true,"showMaterialUpdate":false,"showSkybox":false,"showFlares":true,"showImageEffects":true,"showParticleSystems":true},"in2DMode":false,"pivot":{"x":-317.7952575683594,"y":69.3870620727539,"z":9.619505882263184},"rotation":{"x":-0.19231943786144257,"y":0.6911928057670593,"z":-0.19912858307361604,"w":-0.6675496697425842},"size":4.669820785522461,"orthographic":false}