{"cameraMode":{"drawMode":0,"name":"Shaded","section":"Shading Mode"},"sceneLighting":false,"audioPlay":false,"sceneViewState":{"showFog":true,"showMaterialUpdate":false,"showSkybox":true,"showFlares":true,"showImageEffects":true,"showParticleSystems":true},"in2DMode":false,"pivot":{"x":256.8368225097656,"y":2.5939064025878908,"z":417.9010314941406},"rotation":{"x":-0.26435625553131106,"y":0.6887715458869934,"z":-0.3014085590839386,"w":-0.6040940880775452},"size":46.434532165527347,"orthographic":false}