{"cameraMode":{"drawMode":0,"name":"Shaded","section":"Shading Mode"},"sceneLighting":false,"audioPlay":false,"sceneViewState":{"showFog":true,"showMaterialUpdate":false,"showSkybox":false,"showFlares":true,"showImageEffects":true,"showParticleSystems":true},"in2DMode":false,"pivot":{"x":0.028796762228012086,"y":0.38929104804992678,"z":-0.042423367500305179},"rotation":{"x":-0.1964680552482605,"y":0.6770461797714233,"z":-0.19504573941230775,"w":-0.681932806968689},"size":2.3386619091033937,"orthographic":false}