{"cameraMode":{"drawMode":0,"name":"Shaded","section":"Shading Mode"},"sceneLighting":false,"audioPlay":false,"sceneViewState":{"showFog":true,"showMaterialUpdate":false,"showSkybox":true,"showFlares":true,"showImageEffects":true,"showParticleSystems":true},"in2DMode":false,"pivot":{"x":86.29731750488281,"y":-54.97110366821289,"z":393.3381652832031},"rotation":{"x":-0.10418815910816193,"y":0.7328453660011292,"z":-0.11526089161634445,"w":-0.6624664664268494},"size":186.76902770996095,"orthographic":false}